id,created_date,modified_date,machine,bait_set,gene_panel,preservation_type,run_date,pooled_normals_paths
fa2700d9-3b1b-4a54-ac4c-087ff6ae5377,2025-05-01 17:24:32.936699-04,2025-05-01 17:25:48.852103-04,fauci2,impact505_baits,hc_impact,ffpe,2025-02-27 00:00:00-05,"{/juno/bic/archive/msk/cmo/ci/resources/PooledNormals/HC_IMPACT/FFPE/FFPE-2_IGO_06000_OO_2_S91_L004_R1_001.fastq.gz,/juno/bic/archive/msk/cmo/ci/resources/PooledNormals/HC_IMPACT/FFPE/FFPE-2_IGO_06000_OO_2_S91_L004_R2_001.fastq.gz}"
45e072e0-3203-461f-b5c9-443064cec4ba,2025-05-01 17:27:33.174833-04,2025-05-01 17:27:33.17486-04,fauci2,impact505_baits,hc_impact,frozen,2023-09-14 00:00:00-04,"{/juno/bic/archive/msk/cmo/ci/resources/PooledNormals/HC_IMPACT/FROZEN/FF-3_IGO_06000_OP_3_S98_L004_R1_001.fastq.gz,/juno/bic/archive/msk/cmo/ci/resources/PooledNormals/HC_IMPACT/FROZEN/FF-3_IGO_06000_OP_3_S98_L004_R2_001.fastq.gz}"
df3e6b7c-a42f-45b4-8a67-142037a6c220,2025-05-01 17:29:18.776156-04,2025-05-01 17:29:18.776189-04,fauci2,impact-heme_v2_baits,hc_impact-heme,ffpe,2023-09-20 00:00:00-04,"{/juno/bic/archive/msk/cmo/ci/resources/PooledNormals/HC_IMPACT-Heme/FFPE/FFPE-5_IGO_06000_OS_5_S148_L005_R1_001.fastq.gz,/juno/bic/archive/msk/cmo/ci/resources/PooledNormals/HC_IMPACT-Heme/FFPE/FFPE-5_IGO_06000_OS_5_S148_L005_R2_001.fastq.gz}"
bcfebd64-a6ba-4ad3-a4b3-2e3285667a89,2025-05-01 17:30:18.391803-04,2025-05-01 17:30:18.391831-04,fauci2,impact-heme_v2_baits,hc_impact-heme,frozen,2023-09-20 00:00:00-04,"{/juno/bic/archive/msk/cmo/ci/resources/PooledNormals/HC_IMPACT-Heme/FROZEN/FF-6_IGO_06000_OS_12_S155_L005_R1_001.fastq.gz,/juno/bic/archive/msk/cmo/ci/resources/PooledNormals/HC_IMPACT-Heme/FROZEN/FF-6_IGO_06000_OS_12_S155_L005_R2_001.fastq.gz}"
7d0d5c4e-8a33-441f-99c0-738dbd8d4d65,2025-05-02 14:47:49.703987-04,2025-05-02 14:47:49.704006-04,michelle,impact505_baits,impact505,ffpe,2021-05-07 00:00:00-04,"{/juno/bic/archive/msk/cmo/ci/resources/PooledNormals/IMPACT505/FFPE/Sample_FFPEPOOLEDNORMAL_IMPACT505_V2/FFPEPOOLEDNORMAL_IGO_IMPACT505_TGTGTTAA_S65_L001_R1_001.fastq.gz,/juno/bic/archive/msk/cmo/ci/resources/PooledNormals/IMPACT505/FFPE/Sample_FFPEPOOLEDNORMAL_IMPACT505_V2/FFPEPOOLEDNORMAL_IGO_IMPACT505_TGTGTTAA_S65_L001_R2_001.fastq.gz}"
5f42d137-7436-44ce-b166-7c8d51b925af,2025-05-02 14:48:29.906977-04,2025-05-02 14:48:29.906998-04,michelle,impact505_baits,impact505,frozen,2021-05-07 00:00:00-04,"{/juno/bic/archive/msk/cmo/ci/resources/PooledNormals/IMPACT505/FROZEN/Sample_FROZENPOOLEDNORMAL_IMPACT505_V2/FROZENPOOLEDNORMAL_IGO_IMPACT505_CTGATTGA_S158_L002_R1_001.fastq.gz,/juno/bic/archive/msk/cmo/ci/resources/PooledNormals/IMPACT505/FROZEN/Sample_FROZENPOOLEDNORMAL_IMPACT505_V2/FROZENPOOLEDNORMAL_IGO_IMPACT505_CTGATTGA_S158_L002_R2_001.fastq.gz}"
911184a1-fdb0-4f1c-bd2b-86439054065a,2025-05-02 14:50:22.810042-04,2025-05-02 14:50:22.810083-04,ruth,impact505_baits,hc_impact,ffpe,2021-05-07 00:00:00-04,"{/juno/bic/archive/msk/cmo/ci/resources/PooledNormals/IMPACT505/FFPE/Sample_FFPEPOOLEDNORMAL_IMPACT505_V2/FFPEPOOLEDNORMAL_IGO_IMPACT505_TGTGTTAA_S65_L001_R1_001.fastq.gz,/juno/bic/archive/msk/cmo/ci/resources/PooledNormals/IMPACT505/FFPE/Sample_FFPEPOOLEDNORMAL_IMPACT505_V2/FFPEPOOLEDNORMAL_IGO_IMPACT505_TGTGTTAA_S65_L001_R2_001.fastq.gz}"
a987f9da-f979-4419-b9f1-ef4ee89bdfcd,2025-05-02 14:51:26.326552-04,2025-05-02 14:51:26.326592-04,ruth,impact505_baits,impact505,frozen,2021-05-07 00:00:00-04,"{/juno/bic/archive/msk/cmo/ci/resources/PooledNormals/IMPACT505/FROZEN/Sample_FROZENPOOLEDNORMAL_IMPACT505_V2/FROZENPOOLEDNORMAL_IGO_IMPACT505_CTGATTGA_S158_L002_R1_001.fastq.gz,/juno/bic/archive/msk/cmo/ci/resources/PooledNormals/IMPACT505/FROZEN/Sample_FROZENPOOLEDNORMAL_IMPACT505_V2/FROZENPOOLEDNORMAL_IGO_IMPACT505_CTGATTGA_S158_L002_R2_001.fastq.gz}"
6646e6eb-bb83-4db4-8670-98bc5f6d920c,2025-05-02 14:53:40.973057-04,2025-05-02 14:53:40.973096-04,diana,impact505_baits,impact505,ffpe,2021-05-07 00:00:00-04,"{/juno/bic/archive/msk/cmo/ci/resources/PooledNormals/IMPACT505/FFPE/Sample_FFPEPOOLEDNORMAL_IMPACT505_V2/FFPEPOOLEDNORMAL_IGO_IMPACT505_TGTGTTAA_S65_L001_R1_001.fastq.gz,/juno/bic/archive/msk/cmo/ci/resources/PooledNormals/IMPACT505/FFPE/Sample_FFPEPOOLEDNORMAL_IMPACT505_V2/FFPEPOOLEDNORMAL_IGO_IMPACT505_TGTGTTAA_S65_L001_R2_001.fastq.gz}"
6e3a3f8e-bc5f-4480-b2b0-bd25cd9519ce,2025-05-02 14:54:22.230891-04,2025-05-02 14:54:22.230929-04,diana,impact505_baits,impact505,frozen,2021-05-07 00:00:00-04,"{/juno/bic/archive/msk/cmo/ci/resources/PooledNormals/IMPACT505/FROZEN/Sample_FROZENPOOLEDNORMAL_IMPACT505_V2/FROZENPOOLEDNORMAL_IGO_IMPACT505_CTGATTGA_S158_L002_R1_001.fastq.gz,/juno/bic/archive/msk/cmo/ci/resources/PooledNormals/IMPACT505/FROZEN/Sample_FROZENPOOLEDNORMAL_IMPACT505_V2/FROZENPOOLEDNORMAL_IGO_IMPACT505_CTGATTGA_S158_L002_R2_001.fastq.gz}"
47757a4c-6b2f-4d4b-bcf2-a08b7a3d35d3,2025-05-02 14:59:30.285987-04,2025-05-02 14:59:30.286023-04,diana,hemepact_v4_baits,hemepact_v4,ffpe,2001-01-01 00:00:00-05,"{/juno/bic/archive/msk/cmo/ci/resources/PooledNormals/HemePACT_v4/FFPE/Sample_FFPEPOOLEDNORMAL_HemePACT_v4_V2/FFPEPOOLEDNORMAL_IGO_HemePACT_v4_TTGCCTCT_S504_L001_R1_001.fastq.gz,/juno/bic/archive/msk/cmo/ci/resources/PooledNormals/HemePACT_v4/FFPE/Sample_FFPEPOOLEDNORMAL_HemePACT_v4_V2/FFPEPOOLEDNORMAL_IGO_HemePACT_v4_TTGCCTCT_S504_L001_R2_001.fastq.gz}"
e5de6655-d154-40fc-9b5d-1ea86987fcf3,2025-05-02 14:59:58.356602-04,2025-05-02 14:59:58.356627-04,diana,hemepact_v4_baits,hemepact_v4,frozen,2001-01-01 00:00:00-05,"{/juno/bic/archive/msk/cmo/ci/resources/PooledNormals/HemePACT_v4/FFPE/Sample_FFPEPOOLEDNORMAL_HemePACT_v4_V1/FFPEPOOLEDNORMAL_IGO_HemePACT_v4_GATGAATC_S92_R1_001.fastq.gz,/juno/bic/archive/msk/cmo/ci/resources/PooledNormals/HemePACT_v4/FFPE/Sample_FFPEPOOLEDNORMAL_HemePACT_v4_V1/FFPEPOOLEDNORMAL_IGO_HemePACT_v4_GATGAATC_S92_R2_001.fastq.gz}"
b46b080e-39fe-4b1d-bd19-7d5e8aecd7f0,2025-05-02 15:01:07.980987-04,2025-05-02 15:01:07.981021-04,ruth,hemepact_v4_baits,hemepact_v4,frozen,2001-01-01 00:00:00-05,"{/juno/bic/archive/msk/cmo/ci/resources/PooledNormals/HemePACT_v4/FFPE/Sample_FFPEPOOLEDNORMAL_HemePACT_v4_V1/FFPEPOOLEDNORMAL_IGO_HemePACT_v4_GATGAATC_S92_R1_001.fastq.gz,/juno/bic/archive/msk/cmo/ci/resources/PooledNormals/HemePACT_v4/FFPE/Sample_FFPEPOOLEDNORMAL_HemePACT_v4_V1/FFPEPOOLEDNORMAL_IGO_HemePACT_v4_GATGAATC_S92_R2_001.fastq.gz}"
2d7bda45-f654-4cf2-953f-77bfdc993db4,2025-05-02 15:01:40.73276-04,2025-05-02 15:01:40.732784-04,ruth,hemepact_v4_baits,hemepact_v4,ffpe,2001-01-01 00:00:00-05,"{/juno/bic/archive/msk/cmo/ci/resources/PooledNormals/HemePACT_v4/FFPE/Sample_FFPEPOOLEDNORMAL_HemePACT_v4_V2/FFPEPOOLEDNORMAL_IGO_HemePACT_v4_TTGCCTCT_S504_L001_R1_001.fastq.gz,/juno/bic/archive/msk/cmo/ci/resources/PooledNormals/HemePACT_v4/FFPE/Sample_FFPEPOOLEDNORMAL_HemePACT_v4_V2/FFPEPOOLEDNORMAL_IGO_HemePACT_v4_TTGCCTCT_S504_L001_R2_001.fastq.gz}"
211e16f7-4780-4a5f-b839-f0e76af2a455,2025-05-02 15:04:02.680529-04,2025-05-02 15:04:02.680548-04,michelle,hemepact_v4_baits,hemepact_v4,ffpe,2001-01-01 00:00:00-05,"{/juno/bic/archive/msk/cmo/ci/resources/PooledNormals/HemePACT_v4/FFPE/Sample_FFPEPOOLEDNORMAL_HemePACT_v4_V2/FFPEPOOLEDNORMAL_IGO_HemePACT_v4_TTGCCTCT_S504_L001_R1_001.fastq.gz,/juno/bic/archive/msk/cmo/ci/resources/PooledNormals/HemePACT_v4/FFPE/Sample_FFPEPOOLEDNORMAL_HemePACT_v4_V2/FFPEPOOLEDNORMAL_IGO_HemePACT_v4_TTGCCTCT_S504_L001_R2_001.fastq.gz}"
d6954b4b-821f-4f98-b67d-2d3274455df3,2025-05-02 15:04:20.101997-04,2025-05-02 15:04:20.102015-04,michelle,hemepact_v4_baits,hemepact_v4,frozen,2001-01-01 00:00:00-05,"{/juno/bic/archive/msk/cmo/ci/resources/PooledNormals/HemePACT_v4/FFPE/Sample_FFPEPOOLEDNORMAL_HemePACT_v4_V1/FFPEPOOLEDNORMAL_IGO_HemePACT_v4_GATGAATC_S92_R1_001.fastq.gz,/juno/bic/archive/msk/cmo/ci/resources/PooledNormals/HemePACT_v4/FFPE/Sample_FFPEPOOLEDNORMAL_HemePACT_v4_V1/FFPEPOOLEDNORMAL_IGO_HemePACT_v4_GATGAATC_S92_R2_001.fastq.gz}"
f6c26a70-a16a-4888-9fe3-b2ea11465378,2025-05-02 15:07:43.754068-04,2025-05-27 13:55:01.574145-04,ruth,impact-heme_v2_baits,hc_impact-heme,frozen,2001-01-01 00:00:00-05,"{/juno/bic/archive/msk/cmo/ci/resources/PooledNormals/IMPACT-Heme_v2/FROZEN/Sample_FrozenPooledNormal_IMPACT_Heme_v2_V1/FrozenPooledNormal-19_IGO_06000_MK_19_S63_L001_R1_001.fastq.gz,/juno/bic/archive/msk/cmo/ci/resources/PooledNormals/IMPACT-Heme_v2/FROZEN/Sample_FrozenPooledNormal_IMPACT_Heme_v2_V1/FrozenPooledNormal-19_IGO_06000_MK_19_S63_L001_R2_001.fastq.gz,/juno/bic/archive/msk/cmo/ci/resources/PooledNormals/IMPACT-Heme_v2/FROZEN/Sample_FrozenPooledNormal_IMPACT_Heme_v2_V1/FrozenPooledNormal-19_IGO_06000_MK_19_S63_L002_R1_001.fastq.gz,/juno/bic/archive/msk/cmo/ci/resources/PooledNormals/IMPACT-Heme_v2/FROZEN/Sample_FrozenPooledNormal_IMPACT_Heme_v2_V1/FrozenPooledNormal-19_IGO_06000_MK_19_S63_L002_R2_001.fastq.gz,/juno/bic/archive/msk/cmo/ci/resources/PooledNormals/IMPACT-Heme_v2/FROZEN/Sample_FrozenPooledNormal_IMPACT_Heme_v2_V1/FrozenPooledNormal-21_IGO_06000_MK_21_S75_L001_R1_001.fastq.gz,/juno/bic/archive/msk/cmo/ci/resources/PooledNormals/IMPACT-Heme_v2/FROZEN/Sample_FrozenPooledNormal_IMPACT_Heme_v2_V1/FrozenPooledNormal-21_IGO_06000_MK_21_S75_L001_R2_001.fastq.gz,/juno/bic/archive/msk/cmo/ci/resources/PooledNormals/IMPACT-Heme_v2/FROZEN/Sample_FrozenPooledNormal_IMPACT_Heme_v2_V1/FrozenPooledNormal-21_IGO_06000_MK_21_S75_L002_R1_001.fastq.gz,/juno/bic/archive/msk/cmo/ci/resources/PooledNormals/IMPACT-Heme_v2/FROZEN/Sample_FrozenPooledNormal_IMPACT_Heme_v2_V1/FrozenPooledNormal-21_IGO_06000_MK_21_S75_L002_R2_001.fastq.gz}"
03a83615-bcea-46e8-b5fa-576d310079e4,2025-05-02 15:07:14.326731-04,2025-05-27 13:55:35.083544-04,diana,impact-heme_v2_baits,hc_impact-heme,frozen,2001-01-01 00:00:00-05,"{/juno/bic/archive/msk/cmo/ci/resources/PooledNormals/IMPACT-Heme_v2/FROZEN/Sample_FrozenPooledNormal_IMPACT_Heme_v2_V1/FrozenPooledNormal-19_IGO_06000_MK_19_S63_L001_R1_001.fastq.gz,/juno/bic/archive/msk/cmo/ci/resources/PooledNormals/IMPACT-Heme_v2/FROZEN/Sample_FrozenPooledNormal_IMPACT_Heme_v2_V1/FrozenPooledNormal-19_IGO_06000_MK_19_S63_L001_R2_001.fastq.gz,/juno/bic/archive/msk/cmo/ci/resources/PooledNormals/IMPACT-Heme_v2/FROZEN/Sample_FrozenPooledNormal_IMPACT_Heme_v2_V1/FrozenPooledNormal-19_IGO_06000_MK_19_S63_L002_R1_001.fastq.gz,/juno/bic/archive/msk/cmo/ci/resources/PooledNormals/IMPACT-Heme_v2/FROZEN/Sample_FrozenPooledNormal_IMPACT_Heme_v2_V1/FrozenPooledNormal-19_IGO_06000_MK_19_S63_L002_R2_001.fastq.gz,/juno/bic/archive/msk/cmo/ci/resources/PooledNormals/IMPACT-Heme_v2/FROZEN/Sample_FrozenPooledNormal_IMPACT_Heme_v2_V1/FrozenPooledNormal-21_IGO_06000_MK_21_S75_L001_R1_001.fastq.gz,/juno/bic/archive/msk/cmo/ci/resources/PooledNormals/IMPACT-Heme_v2/FROZEN/Sample_FrozenPooledNormal_IMPACT_Heme_v2_V1/FrozenPooledNormal-21_IGO_06000_MK_21_S75_L001_R2_001.fastq.gz,/juno/bic/archive/msk/cmo/ci/resources/PooledNormals/IMPACT-Heme_v2/FROZEN/Sample_FrozenPooledNormal_IMPACT_Heme_v2_V1/FrozenPooledNormal-21_IGO_06000_MK_21_S75_L002_R1_001.fastq.gz,/juno/bic/archive/msk/cmo/ci/resources/PooledNormals/IMPACT-Heme_v2/FROZEN/Sample_FrozenPooledNormal_IMPACT_Heme_v2_V1/FrozenPooledNormal-21_IGO_06000_MK_21_S75_L002_R2_001.fastq.gz}"
de82fbb6-0cd1-4521-a522-1d139ed52d5e,2025-05-02 15:07:38.444337-04,2025-05-27 13:55:18.986863-04,michelle,impact-heme_v2_baits,hc_impact-heme,frozen,2001-01-01 00:00:00-05,"{/juno/bic/archive/msk/cmo/ci/resources/PooledNormals/IMPACT-Heme_v2/FROZEN/Sample_FrozenPooledNormal_IMPACT_Heme_v2_V1/FrozenPooledNormal-19_IGO_06000_MK_19_S63_L001_R1_001.fastq.gz,/juno/bic/archive/msk/cmo/ci/resources/PooledNormals/IMPACT-Heme_v2/FROZEN/Sample_FrozenPooledNormal_IMPACT_Heme_v2_V1/FrozenPooledNormal-19_IGO_06000_MK_19_S63_L001_R2_001.fastq.gz,/juno/bic/archive/msk/cmo/ci/resources/PooledNormals/IMPACT-Heme_v2/FROZEN/Sample_FrozenPooledNormal_IMPACT_Heme_v2_V1/FrozenPooledNormal-19_IGO_06000_MK_19_S63_L002_R1_001.fastq.gz,/juno/bic/archive/msk/cmo/ci/resources/PooledNormals/IMPACT-Heme_v2/FROZEN/Sample_FrozenPooledNormal_IMPACT_Heme_v2_V1/FrozenPooledNormal-19_IGO_06000_MK_19_S63_L002_R2_001.fastq.gz,/juno/bic/archive/msk/cmo/ci/resources/PooledNormals/IMPACT-Heme_v2/FROZEN/Sample_FrozenPooledNormal_IMPACT_Heme_v2_V1/FrozenPooledNormal-21_IGO_06000_MK_21_S75_L001_R1_001.fastq.gz,/juno/bic/archive/msk/cmo/ci/resources/PooledNormals/IMPACT-Heme_v2/FROZEN/Sample_FrozenPooledNormal_IMPACT_Heme_v2_V1/FrozenPooledNormal-21_IGO_06000_MK_21_S75_L001_R2_001.fastq.gz,/juno/bic/archive/msk/cmo/ci/resources/PooledNormals/IMPACT-Heme_v2/FROZEN/Sample_FrozenPooledNormal_IMPACT_Heme_v2_V1/FrozenPooledNormal-21_IGO_06000_MK_21_S75_L002_R1_001.fastq.gz,/juno/bic/archive/msk/cmo/ci/resources/PooledNormals/IMPACT-Heme_v2/FROZEN/Sample_FrozenPooledNormal_IMPACT_Heme_v2_V1/FrozenPooledNormal-21_IGO_06000_MK_21_S75_L002_R2_001.fastq.gz}"
a38c3a29-0457-4617-9413-1278d6af62e9,2025-05-27 13:58:52.813055-04,2025-05-27 13:58:52.813087-04,diana,impact-heme_v2_baits,hc_impact-heme,ffpe,2001-01-01 00:00:00-05,"{/juno/bic/archive/msk/cmo/ci/resources/PooledNormals/IMPACT-Heme_v2/FFPE/Sample_FFPEPOOLEDNORMAL_IMPACT_Heme_v2_V1/FFPEPOOLEDNORMAL-6_IGO_06000_OS_6_S102_L007_R1_001.fastq.gz,/juno/bic/archive/msk/cmo/ci/resources/PooledNormals/IMPACT-Heme_v2/FFPE/Sample_FFPEPOOLEDNORMAL_IMPACT_Heme_v2_V1/FFPEPOOLEDNORMAL-4_IGO_06000_OS_4_S100_L007_R1_001.fastq.gz,/juno/bic/archive/msk/cmo/ci/resources/PooledNormals/IMPACT-Heme_v2/FFPE/Sample_FFPEPOOLEDNORMAL_IMPACT_Heme_v2_V1/FFPEPOOLEDNORMAL-6_IGO_06000_OS_6_S102_L007_R2_001.fastq.gz,/juno/bic/archive/msk/cmo/ci/resources/PooledNormals/IMPACT-Heme_v2/FFPE/Sample_FFPEPOOLEDNORMAL_IMPACT_Heme_v2_V1/FFPEPOOLEDNORMAL-4_IGO_06000_OS_4_S100_L007_R2_001.fastq.gz}"
